step,top1_miss,ema_miss,top1_acc,flip_penalty,median_rel_margin,flip_severity
0,0.800049,0.800049,0.199951,0.613281,2.140625,5.187500
0,0.792969,0.792969,0.207031,0.609375,1.984375,5.187500
0,0.793457,0.793457,0.206543,0.613281,1.937500,5.343750
1,0.732910,0.787402,0.267090,0.542969,1.500000,3.031250
2,0.674805,0.776143,0.325195,0.500000,1.164062,2.296875
3,0.711914,0.769720,0.288086,0.539062,0.878906,2.781250
4,0.818359,0.774584,0.181641,0.628906,1.265625,3.343750
5,0.771973,0.774323,0.228027,0.601562,0.945312,2.937500
6,0.738281,0.770718,0.261719,0.558594,1.195312,2.531250
7,0.748047,0.768451,0.251953,0.511719,1.703125,2.500000
8,0.752930,0.766899,0.247070,0.519531,1.632812,2.265625
9,0.708008,0.761010,0.291992,0.486328,1.359375,1.984375
10,0.696777,0.754587,0.303223,0.484375,1.367188,2.062500
11,0.707031,0.749831,0.292969,0.500000,1.000000,2.203125
12,0.701172,0.744965,0.298828,0.507812,1.031250,2.171875
13,0.727051,0.743174,0.272949,0.527344,1.343750,2.562500
14,0.647461,0.733603,0.352539,0.458984,1.242188,1.789062
15,0.678711,0.728113,0.321289,0.486328,1.039062,2.125000
16,0.679688,0.723271,0.320312,0.490234,1.203125,2.328125
17,0.677246,0.718668,0.322754,0.470703,1.164062,1.945312
18,0.708984,0.717700,0.291016,0.511719,1.125000,2.140625
19,0.703613,0.716291,0.296387,0.507812,1.179688,2.281250
20,0.705566,0.715219,0.294434,0.515625,1.187500,2.109375
21,0.687012,0.712398,0.312988,0.490234,1.156250,2.046875
22,0.645020,0.705660,0.354980,0.476562,0.929688,1.906250
23,0.674316,0.702526,0.325684,0.480469,1.046875,1.929688
24,0.665039,0.698777,0.334961,0.449219,1.171875,1.812500
25,0.636719,0.692571,0.363281,0.486328,0.765625,1.859375
26,0.655762,0.688890,0.344238,0.503906,0.800781,2.093750
27,0.662598,0.686261,0.337402,0.480469,1.140625,2.093750
28,0.671875,0.684822,0.328125,0.482422,1.125000,2.031250
29,0.728516,0.689192,0.271484,0.589844,0.867188,2.609375
30,0.636719,0.683944,0.363281,0.472656,0.957031,1.859375
31,0.618164,0.677366,0.381836,0.421875,0.894531,1.679688
32,0.619141,0.671544,0.380859,0.457031,0.949219,1.820312
33,0.657715,0.670161,0.342285,0.474609,1.117188,1.875000
34,0.651855,0.668330,0.348145,0.453125,1.218750,1.781250
35,0.612305,0.662728,0.387695,0.417969,1.312500,1.609375
36,0.631836,0.659639,0.368164,0.474609,0.906250,1.664062
37,0.638184,0.657493,0.361816,0.457031,1.039062,2.296875
38,0.653320,0.657076,0.346680,0.451172,1.101562,2.218750
39,0.668945,0.658263,0.331055,0.457031,1.148438,2.218750
40,0.691406,0.661577,0.308594,0.466797,1.109375,2.234375
41,0.695801,0.665000,0.304199,0.523438,0.960938,2.265625
42,0.651367,0.663636,0.348633,0.453125,1.265625,1.750000
43,0.608887,0.658161,0.391113,0.466797,0.832031,1.820312
44,0.600586,0.652404,0.399414,0.445312,1.039062,1.734375
45,0.605957,0.647759,0.394043,0.466797,0.867188,1.796875
46,0.652832,0.648266,0.347168,0.445312,1.429688,1.656250
47,0.577148,0.641155,0.422852,0.423828,1.000000,1.601562
48,0.709473,0.647986,0.290527,0.531250,1.062500,2.796875
49,0.640137,0.647201,0.359863,0.458984,1.179688,1.710938
50,0.606445,0.643126,0.393555,0.453125,1.000000,1.851562
51,0.619141,0.640727,0.380859,0.417969,1.101562,1.695312
52,0.576660,0.634321,0.423340,0.384766,1.218750,1.179688
53,0.580566,0.628945,0.419434,0.380859,1.375000,1.242188
54,0.593750,0.625426,0.406250,0.384766,1.382812,1.304688
55,0.583984,0.621282,0.416016,0.388672,1.335938,1.296875
56,0.577637,0.616917,0.422363,0.373047,1.351562,1.296875
57,0.556641,0.610889,0.443359,0.361328,1.367188,1.250000
58,0.568359,0.606636,0.431641,0.369141,1.335938,1.195312
59,0.554688,0.601442,0.445312,0.347656,1.335938,1.171875
60,0.591797,0.600477,0.408203,0.380859,1.406250,1.234375
61,0.591309,0.599560,0.408691,0.382812,1.445312,1.179688
62,0.562012,0.595805,0.437988,0.357422,1.304688,1.148438
63,0.597656,0.595990,0.402344,0.388672,1.250000,1.312500
64,0.599609,0.596352,0.400391,0.396484,1.226562,1.390625
65,0.582520,0.594969,0.417480,0.373047,1.351562,1.273438
66,0.594727,0.594945,0.405273,0.398438,1.257812,1.328125
67,0.633789,0.598829,0.366211,0.435547,1.273438,1.539062
68,0.586426,0.597589,0.413574,0.431641,1.000000,1.546875
69,0.619141,0.599744,0.380859,0.449219,0.957031,1.695312
70,0.616699,0.601440,0.383301,0.419922,1.210938,1.476562
71,0.643066,0.605602,0.356934,0.431641,1.265625,1.578125
72,0.627930,0.607835,0.372070,0.412109,1.296875,1.453125
73,0.590332,0.606085,0.409668,0.392578,1.085938,1.492188
74,0.569336,0.602410,0.430664,0.425781,0.933594,1.429688
75,0.591309,0.601300,0.408691,0.421875,1.054688,1.429688
76,0.667480,0.607918,0.332520,0.494141,1.070312,2.187500
77,0.588379,0.605964,0.411621,0.416016,1.000000,1.468750
78,0.590820,0.604450,0.409180,0.445312,0.800781,1.718750
79,0.609375,0.604942,0.390625,0.431641,1.078125,1.695312
80,0.609863,0.605434,0.390137,0.464844,1.000000,1.820312
81,0.637695,0.608660,0.362305,0.458984,1.195312,1.765625
82,0.616699,0.609464,0.383301,0.386719,1.335938,1.359375
83,0.532227,0.601740,0.467773,0.386719,0.949219,1.367188
84,0.543945,0.595961,0.456055,0.380859,1.000000,1.296875
85,0.669434,0.603308,0.330566,0.523438,0.898438,2.265625
86,0.625977,0.605575,0.374023,0.476562,0.898438,1.929688
87,0.641113,0.609129,0.358887,0.462891,1.218750,1.898438
88,0.625000,0.610716,0.375000,0.404297,1.429688,1.523438
89,0.607910,0.610435,0.392090,0.400391,1.476562,1.562500
90,0.577637,0.607156,0.422363,0.437500,1.000000,1.640625
91,0.533691,0.599809,0.466309,0.390625,0.832031,1.210938
92,0.539551,0.593783,0.460449,0.373047,0.964844,1.179688
93,0.560059,0.590411,0.439941,0.400391,1.070312,1.250000
94,0.573242,0.588694,0.426758,0.376953,1.234375,1.257812
95,0.596680,0.589493,0.403320,0.416016,1.054688,1.484375
96,0.590332,0.589576,0.409668,0.417969,1.132812,1.554688
97,0.573242,0.587943,0.426758,0.388672,1.031250,1.421875
98,0.593750,0.588524,0.406250,0.410156,1.218750,1.343750
99,0.575195,0.587191,0.424805,0.412109,1.000000,1.460938
100,0.582520,0.586724,0.417480,0.386719,1.132812,1.281250
101,0.565918,0.584643,0.434082,0.460938,0.855469,1.851562
102,0.576172,0.583796,0.423828,0.427734,0.968750,1.679688
103,0.562012,0.581618,0.437988,0.396484,1.109375,1.390625
104,0.604492,0.583905,0.395508,0.412109,1.242188,1.382812
105,0.567871,0.582302,0.432129,0.433594,1.000000,1.539062
106,0.562500,0.580322,0.437500,0.386719,1.164062,1.382812
107,0.574219,0.579711,0.425781,0.378906,1.242188,1.070312
108,0.588867,0.580627,0.411133,0.425781,1.000000,1.492188
109,0.594727,0.582037,0.405273,0.429688,1.000000,1.421875
110,0.569824,0.580816,0.430176,0.406250,0.832031,1.554688
111,0.533691,0.576103,0.466309,0.345703,1.148438,1.101562
112,0.586426,0.577135,0.413574,0.421875,1.039062,1.445312
113,0.565430,0.575965,0.434570,0.417969,1.000000,1.656250
114,0.649414,0.583310,0.350586,0.498047,0.945312,2.156250
115,0.581543,0.583133,0.418457,0.429688,0.906250,1.492188
116,0.585449,0.583365,0.414551,0.376953,1.429688,1.218750
117,0.565430,0.581571,0.434570,0.365234,1.164062,1.203125
118,0.583008,0.581715,0.416992,0.410156,1.062500,1.367188
119,0.579102,0.581454,0.420898,0.416016,1.039062,1.460938
120,0.569824,0.580291,0.430176,0.367188,1.187500,1.125000
121,0.551758,0.577437,0.448242,0.363281,1.187500,1.101562
122,0.551758,0.574869,0.448242,0.367188,1.164062,1.085938
123,0.561035,0.573486,0.438965,0.367188,1.351562,1.179688
124,0.598145,0.575952,0.401855,0.408203,1.109375,1.437500
125,0.590820,0.577439,0.409180,0.392578,1.242188,1.312500
126,0.593262,0.579021,0.406738,0.386719,1.335938,1.382812
127,0.575195,0.578638,0.424805,0.388672,1.148438,1.265625
128,0.605469,0.581321,0.394531,0.421875,1.289062,1.523438
129,0.602539,0.583443,0.397461,0.400391,1.187500,1.515625
130,0.531250,0.578224,0.468750,0.367188,1.054688,1.281250
131,0.508789,0.571280,0.491211,0.328125,1.140625,1.031250
132,0.554688,0.569621,0.445312,0.410156,0.941406,1.453125
133,0.526855,0.565345,0.473145,0.375000,1.000000,1.109375
134,0.538086,0.562619,0.461914,0.384766,1.132812,1.265625
135,0.574707,0.563828,0.425293,0.443359,1.023438,1.601562
136,0.590332,0.566478,0.409668,0.460938,0.878906,1.695312
137,0.544434,0.564274,0.455566,0.355469,1.101562,1.226562
138,0.583008,0.566147,0.416992,0.439453,1.046875,1.742188
139,0.597168,0.569249,0.402832,0.431641,1.085938,1.664062
140,0.522949,0.564619,0.477051,0.353516,1.140625,1.085938
141,0.533691,0.561526,0.466309,0.333984,1.218750,1.070312
142,0.534180,0.558792,0.465820,0.361328,1.187500,1.156250
143,0.546875,0.557600,0.453125,0.402344,0.921875,1.421875
144,0.616211,0.563461,0.383789,0.496094,0.855469,1.835938
145,0.512695,0.558385,0.487305,0.369141,0.953125,1.179688
146,0.534668,0.556013,0.465332,0.351562,1.164062,1.187500
147,0.539551,0.554367,0.460449,0.398438,0.738281,1.523438
148,0.523926,0.551323,0.476074,0.347656,1.218750,1.125000
149,0.534180,0.549608,0.465820,0.361328,1.171875,1.179688
150,0.514160,0.546063,0.485840,0.328125,1.148438,1.039062
151,0.511230,0.542580,0.488770,0.337891,1.085938,1.070312
152,0.500488,0.538371,0.499512,0.339844,1.000000,0.988281
153,0.546387,0.539173,0.453613,0.371094,1.234375,1.296875
154,0.542969,0.539552,0.457031,0.353516,1.187500,1.101562
155,0.527832,0.538380,0.472168,0.376953,0.925781,1.328125
156,0.553711,0.539913,0.446289,0.371094,1.203125,1.132812
157,0.549316,0.540854,0.450684,0.357422,1.203125,1.132812
158,0.530273,0.539796,0.469727,0.392578,0.941406,1.250000
159,0.522949,0.538111,0.477051,0.357422,1.101562,1.257812
160,0.488281,0.533128,0.511719,0.330078,0.855469,1.117188
161,0.566406,0.536456,0.433594,0.394531,0.925781,1.351562
162,0.519043,0.534714,0.480957,0.351562,1.132812,1.148438
163,0.516602,0.532903,0.483398,0.361328,1.085938,1.117188
164,0.505371,0.530150,0.494629,0.341797,1.085938,1.109375
165,0.500977,0.527233,0.499023,0.353516,1.000000,1.078125
166,0.548340,0.529343,0.451660,0.351562,1.187500,1.140625
167,0.532715,0.529681,0.467285,0.388672,0.941406,1.218750
168,0.520508,0.528763,0.479492,0.369141,1.000000,1.265625
169,0.551270,0.531014,0.448730,0.388672,1.070312,1.359375
170,0.588379,0.536750,0.411621,0.417969,1.109375,1.484375
171,0.550781,0.538153,0.449219,0.406250,0.910156,1.382812
172,0.526855,0.537024,0.473145,0.376953,1.093750,1.210938
173,0.509766,0.534298,0.490234,0.345703,1.054688,1.078125
174,0.540039,0.534872,0.459961,0.380859,0.949219,1.257812
175,0.530762,0.534461,0.469238,0.335938,1.265625,1.054688
176,0.516602,0.532675,0.483398,0.353516,1.023438,1.132812
177,0.539062,0.533314,0.460938,0.375000,1.046875,1.164062
178,0.518555,0.531838,0.481445,0.349609,1.164062,1.085938
179,0.549805,0.533635,0.450195,0.382812,1.101562,1.203125
180,0.490234,0.529295,0.509766,0.332031,1.023438,1.023438
181,0.552246,0.531590,0.447754,0.408203,0.890625,1.421875
182,0.473633,0.525794,0.526367,0.349609,0.871094,1.070312
183,0.496582,0.522873,0.503418,0.359375,0.960938,0.984375
184,0.519531,0.522539,0.480469,0.330078,1.289062,0.960938
185,0.534180,0.523703,0.465820,0.355469,1.164062,0.980469
186,0.532715,0.524604,0.467285,0.353516,1.015625,1.210938
187,0.549805,0.527124,0.450195,0.388672,1.000000,1.375000
188,0.523926,0.526804,0.476074,0.349609,1.054688,1.101562
189,0.479004,0.522024,0.520996,0.332031,1.054688,1.046875
190,0.487305,0.518552,0.512695,0.333984,0.890625,1.007812
191,0.545410,0.521238,0.454590,0.351562,1.164062,1.070312
192,0.561035,0.525218,0.438965,0.373047,1.187500,1.148438
193,0.545898,0.527286,0.454102,0.363281,1.335938,1.132812
194,0.553223,0.529879,0.446777,0.365234,1.250000,1.109375
195,0.553223,0.532214,0.446777,0.371094,1.109375,1.132812
196,0.618164,0.540809,0.381836,0.476562,0.964844,1.750000
197,0.525879,0.539316,0.474121,0.365234,1.117188,1.117188
198,0.504883,0.535873,0.495117,0.347656,1.000000,1.125000
199,0.571289,0.539414,0.428711,0.435547,0.914062,1.484375
200,0.524414,0.537914,0.475586,0.349609,1.226562,1.140625
201,0.487305,0.532853,0.512695,0.341797,0.882812,1.078125
202,0.522949,0.531863,0.477051,0.355469,1.101562,1.171875
203,0.512207,0.529897,0.487793,0.363281,1.023438,1.195312
204,0.504883,0.527396,0.495117,0.343750,1.000000,1.078125
205,0.504883,0.525145,0.495117,0.341797,0.968750,1.015625
206,0.517090,0.524339,0.482910,0.324219,1.250000,0.937500
207,0.535645,0.525470,0.464355,0.357422,1.000000,1.156250
208,0.490723,0.521995,0.509277,0.320312,1.234375,1.031250
209,0.497559,0.519551,0.502441,0.324219,1.062500,0.972656
210,0.490234,0.516620,0.509766,0.318359,1.085938,0.851562
211,0.486816,0.513639,0.513184,0.318359,1.062500,0.917969
212,0.515625,0.513838,0.484375,0.349609,1.132812,0.937500
213,0.514648,0.513919,0.485352,0.347656,1.156250,1.023438
214,0.518555,0.514382,0.481445,0.332031,1.093750,0.972656
215,0.517090,0.514653,0.482910,0.332031,1.234375,1.125000
216,0.509766,0.514164,0.490234,0.339844,1.171875,1.226562
217,0.502441,0.512992,0.497559,0.335938,1.062500,1.171875
218,0.520508,0.513744,0.479492,0.347656,1.109375,1.015625
219,0.487793,0.511149,0.512207,0.330078,1.179688,0.972656
220,0.462891,0.506323,0.537109,0.296875,1.234375,0.898438
221,0.457520,0.501443,0.542480,0.300781,1.085938,0.972656
222,0.521973,0.503496,0.478027,0.332031,1.125000,1.046875
223,0.542480,0.507394,0.457520,0.347656,1.148438,1.031250
224,0.521484,0.508803,0.478516,0.343750,1.179688,1.031250
225,0.522949,0.510218,0.477051,0.353516,1.179688,1.109375
226,0.558105,0.515006,0.441895,0.373047,0.917969,1.296875
227,0.545898,0.518096,0.454102,0.400391,0.902344,1.359375
228,0.513184,0.517604,0.486816,0.380859,0.890625,1.062500
229,0.490234,0.514867,0.509766,0.332031,1.054688,1.117188
230,0.570312,0.520412,0.429688,0.412109,1.164062,1.640625
231,0.498047,0.518175,0.501953,0.324219,1.109375,0.941406
232,0.483398,0.514698,0.516602,0.312500,1.117188,0.972656
233,0.509277,0.514156,0.490723,0.330078,1.164062,1.070312
234,0.507324,0.513473,0.492676,0.355469,1.070312,1.195312
235,0.476562,0.509782,0.523438,0.312500,1.210938,1.023438
236,0.467773,0.505581,0.532227,0.341797,0.898438,1.125000
237,0.516113,0.506634,0.483887,0.339844,1.117188,1.062500
238,0.501953,0.506166,0.498047,0.324219,1.164062,0.929688
239,0.502441,0.505793,0.497559,0.326172,1.156250,1.031250
240,0.453613,0.500575,0.546387,0.310547,0.960938,0.968750
241,0.483398,0.498858,0.516602,0.335938,0.964844,1.031250
242,0.488281,0.497800,0.511719,0.326172,1.039062,0.941406
243,0.565430,0.504563,0.434570,0.408203,0.941406,1.421875
244,0.587402,0.512847,0.412598,0.447266,0.992188,1.570312
245,0.511719,0.512734,0.488281,0.343750,1.101562,1.085938
246,0.490723,0.510533,0.509277,0.314453,1.000000,0.988281
247,0.487305,0.508210,0.512695,0.332031,0.996094,1.054688
248,0.500488,0.507438,0.499512,0.328125,1.164062,1.054688
249,0.534180,0.510112,0.465820,0.369141,1.101562,1.179688
250,0.511230,0.510224,0.488770,0.353516,1.000000,1.085938
251,0.514648,0.510666,0.485352,0.367188,1.000000,1.250000
252,0.497559,0.509356,0.502441,0.343750,1.031250,1.226562
253,0.486328,0.507053,0.513672,0.328125,1.046875,1.093750
254,0.526855,0.509033,0.473145,0.337891,1.234375,1.148438
255,0.462402,0.504370,0.537598,0.353516,0.878906,1.101562
256,0.487793,0.502712,0.512207,0.326172,1.062500,0.976562
257,0.527832,0.505224,0.472168,0.363281,1.140625,1.085938
258,0.528320,0.507534,0.471680,0.357422,1.101562,1.164062
259,0.438477,0.500628,0.561523,0.296875,1.101562,0.761719
260,0.645508,0.515116,0.354492,0.498047,1.195312,2.250000
261,0.466309,0.510235,0.533691,0.316406,1.039062,1.000000
262,0.509766,0.510188,0.490234,0.347656,1.132812,1.085938
263,0.493652,0.508535,0.506348,0.341797,1.007812,1.039062
264,0.522949,0.509976,0.477051,0.345703,0.925781,1.085938
265,0.513184,0.510297,0.486816,0.328125,1.085938,1.085938
266,0.470215,0.506289,0.529785,0.349609,0.972656,1.085938
267,0.494629,0.505123,0.505371,0.330078,1.062500,1.109375
268,0.555176,0.510128,0.444824,0.355469,1.281250,1.179688
269,0.500977,0.509213,0.499023,0.326172,1.164062,0.957031
270,0.451660,0.503458,0.548340,0.292969,1.085938,0.828125
271,0.522461,0.505358,0.477539,0.375000,1.000000,1.210938
272,0.497070,0.504529,0.502930,0.367188,0.867188,1.179688
273,0.456543,0.499731,0.543457,0.357422,0.792969,1.046875
274,0.477539,0.497511,0.522461,0.332031,0.929688,1.046875
275,0.484863,0.496247,0.515137,0.306641,0.980469,1.062500
276,0.476562,0.494278,0.523438,0.326172,1.000000,0.945312
277,0.418945,0.486745,0.581055,0.249023,0.960938,0.769531
278,0.483887,0.486459,0.516113,0.326172,0.992188,1.070312
279,0.449219,0.482735,0.550781,0.300781,1.062500,0.875000
280,0.505371,0.484999,0.494629,0.332031,1.140625,1.000000
281,0.513184,0.487817,0.486816,0.328125,1.093750,1.023438
282,0.534180,0.492453,0.465820,0.335938,1.203125,1.203125
283,0.428223,0.486030,0.571777,0.275391,1.140625,0.792969
284,0.530762,0.490503,0.469238,0.339844,1.195312,1.015625
285,0.501953,0.491648,0.498047,0.308594,1.210938,0.921875
286,0.493652,0.491849,0.506348,0.349609,0.910156,1.164062
287,0.482422,0.490906,0.517578,0.335938,1.031250,1.039062
288,0.486816,0.490497,0.513184,0.324219,0.980469,0.910156
289,0.494141,0.490862,0.505859,0.330078,1.062500,1.023438
290,0.506836,0.492459,0.493164,0.375000,0.875000,1.226562
291,0.508789,0.494092,0.491211,0.408203,0.871094,1.203125
292,0.554199,0.500103,0.445801,0.439453,0.847656,1.343750
293,0.520508,0.502143,0.479492,0.417969,0.863281,1.335938
294,0.505859,0.502515,0.494141,0.394531,0.789062,1.156250
295,0.510742,0.503338,0.489258,0.390625,0.851562,1.164062
296,0.500488,0.503053,0.499512,0.371094,0.949219,1.101562
297,0.523438,0.505091,0.476562,0.359375,1.093750,1.125000
298,0.506836,0.505266,0.493164,0.375000,0.972656,1.117188
299,0.541016,0.508841,0.458984,0.408203,0.878906,1.148438
300,0.538086,0.511765,0.461914,0.400391,1.000000,1.164062
301,0.541504,0.514739,0.458496,0.396484,1.078125,1.312500
302,0.527344,0.515999,0.472656,0.371094,1.031250,1.218750
303,0.545410,0.518941,0.454590,0.410156,0.929688,1.234375
304,0.558594,0.522906,0.441406,0.410156,0.960938,1.218750
305,0.501465,0.520762,0.498535,0.341797,1.078125,0.984375
306,0.504395,0.519125,0.495605,0.361328,1.031250,1.203125
307,0.475098,0.514722,0.524902,0.312500,0.988281,1.015625
308,0.465820,0.509832,0.534180,0.330078,0.867188,1.078125
309,0.481445,0.506993,0.518555,0.322266,1.101562,1.062500
310,0.499512,0.506245,0.500488,0.326172,1.125000,0.980469
311,0.544434,0.510064,0.455566,0.408203,1.039062,1.335938
312,0.482910,0.507349,0.517090,0.300781,1.242188,0.992188
313,0.506836,0.507297,0.493164,0.312500,1.250000,0.925781
314,0.502930,0.506861,0.497070,0.304688,1.000000,0.980469
315,0.486816,0.504856,0.513184,0.332031,0.929688,1.062500
316,0.521973,0.506568,0.478027,0.390625,0.855469,1.093750
317,0.507324,0.506644,0.492676,0.322266,1.109375,0.980469
318,0.497070,0.505686,0.502930,0.337891,1.343750,1.156250
319,0.527832,0.507901,0.472168,0.367188,1.171875,1.312500
320,0.451172,0.502228,0.548828,0.316406,0.960938,0.960938
321,0.471680,0.499173,0.528320,0.302734,1.070312,0.855469
322,0.496094,0.498865,0.503906,0.322266,1.039062,0.996094
323,0.475098,0.496488,0.524902,0.335938,1.000000,1.109375
324,0.480957,0.494935,0.519043,0.332031,1.000000,0.960938
325,0.512207,0.496662,0.487793,0.328125,1.187500,0.925781
326,0.493652,0.496361,0.506348,0.310547,1.109375,0.929688
327,0.486816,0.495407,0.513184,0.332031,0.968750,1.015625
328,0.476074,0.493474,0.523926,0.330078,0.972656,1.015625
329,0.455566,0.489683,0.544434,0.314453,0.964844,1.031250
330,0.532715,0.493986,0.467285,0.361328,1.039062,1.226562
331,0.436523,0.488240,0.563477,0.300781,0.929688,0.812500
332,0.446777,0.484094,0.553223,0.298828,0.929688,0.820312
333,0.465332,0.482217,0.534668,0.328125,1.054688,1.046875
334,0.453125,0.479308,0.546875,0.287109,1.140625,0.808594
335,0.522461,0.483623,0.477539,0.359375,1.039062,1.257812
336,0.427734,0.478035,0.572266,0.265625,1.148438,0.671875
337,0.487793,0.479010,0.512207,0.337891,0.964844,1.046875
338,0.502441,0.481354,0.497559,0.326172,1.164062,0.925781
339,0.473145,0.480533,0.526855,0.289062,1.195312,0.859375
340,0.491699,0.481649,0.508301,0.335938,1.000000,1.031250
341,0.491211,0.482605,0.508789,0.339844,1.000000,1.070312
342,0.460449,0.480390,0.539551,0.322266,0.914062,0.917969
343,0.453125,0.477663,0.546875,0.300781,0.964844,0.859375
344,0.489258,0.478823,0.510742,0.337891,1.000000,1.000000
345,0.475586,0.478499,0.524414,0.308594,1.101562,0.945312
346,0.417969,0.472446,0.582031,0.265625,1.078125,0.738281
347,0.472656,0.472467,0.527344,0.292969,1.156250,0.839844
348,0.461914,0.471412,0.538086,0.281250,1.203125,0.792969
349,0.435547,0.467825,0.564453,0.257812,1.132812,0.691406
350,0.452637,0.466306,0.547363,0.298828,1.085938,0.894531
351,0.478027,0.467479,0.521973,0.304688,1.132812,0.910156
352,0.478027,0.468533,0.521973,0.281250,1.109375,0.902344
353,0.458008,0.467481,0.541992,0.306641,1.000000,0.835938
354,0.468262,0.467559,0.531738,0.308594,1.093750,0.933594
355,0.423340,0.463137,0.576660,0.316406,0.832031,1.046875
356,0.410645,0.457888,0.589355,0.253906,1.125000,0.687500
357,0.418945,0.453994,0.581055,0.251953,1.164062,0.640625
358,0.425293,0.451123,0.574707,0.267578,1.093750,0.687500
359,0.444336,0.450445,0.555664,0.269531,1.140625,0.738281
360,0.422363,0.447637,0.577637,0.255859,1.187500,0.636719
361,0.473145,0.450187,0.526855,0.355469,0.964844,1.132812
362,0.433594,0.448528,0.566406,0.292969,0.910156,0.902344
363,0.482422,0.451917,0.517578,0.318359,1.078125,0.949219
364,0.527832,0.459509,0.472168,0.400391,0.843750,1.351562
365,0.472656,0.460824,0.527344,0.310547,1.015625,1.000000
366,0.478027,0.462544,0.521973,0.318359,1.117188,1.156250
367,0.428711,0.459161,0.571289,0.271484,1.062500,0.738281
368,0.451172,0.458362,0.548828,0.294922,1.101562,0.789062
369,0.448242,0.457350,0.551758,0.269531,1.171875,0.742188
370,0.433105,0.454925,0.566895,0.279297,1.023438,0.859375
371,0.436523,0.453085,0.563477,0.292969,1.062500,0.847656
372,0.460938,0.453870,0.539062,0.306641,1.156250,0.878906
373,0.470703,0.455554,0.529297,0.296875,1.164062,0.851562
374,0.432129,0.453211,0.567871,0.275391,1.132812,0.742188
375,0.411621,0.449052,0.588379,0.261719,1.039062,0.742188
376,0.471680,0.451315,0.528320,0.302734,1.148438,0.867188
377,0.429199,0.449103,0.570801,0.273438,1.062500,0.718750
378,0.447754,0.448968,0.552246,0.289062,1.039062,0.789062
379,0.419434,0.446015,0.580566,0.259766,1.125000,0.683594
380,0.446289,0.446042,0.553711,0.287109,1.078125,0.800781
381,0.421387,0.443577,0.578613,0.255859,1.109375,0.812500
382,0.433105,0.442530,0.566895,0.275391,1.140625,0.664062
383,0.505371,0.448814,0.494629,0.333984,1.179688,1.109375
384,0.366699,0.440602,0.633301,0.269531,0.757812,0.812500
385,0.439941,0.440536,0.560059,0.310547,0.945312,0.859375
386,0.422852,0.438768,0.577148,0.281250,0.972656,0.757812
387,0.457031,0.440594,0.542969,0.283203,1.117188,0.796875
388,0.459473,0.442482,0.540527,0.324219,0.949219,0.980469
389,0.423340,0.440568,0.576660,0.275391,1.101562,0.738281
390,0.436523,0.440163,0.563477,0.316406,0.859375,0.871094
391,0.444336,0.440581,0.555664,0.300781,1.000000,0.871094
392,0.398438,0.436366,0.601562,0.244141,1.054688,0.695312
393,0.390137,0.431743,0.609863,0.312500,0.781250,0.917969
394,0.508789,0.439448,0.491211,0.408203,0.789062,1.226562
395,0.496582,0.445161,0.503418,0.394531,0.832031,1.257812
396,0.444824,0.445128,0.555176,0.279297,1.000000,0.843750
397,0.468750,0.447490,0.531250,0.298828,1.093750,0.945312
398,0.423340,0.445075,0.576660,0.292969,0.984375,0.886719
399,0.516602,0.452228,0.483398,0.359375,0.902344,1.109375
400,0.467773,0.453782,0.532227,0.337891,0.937500,0.976562
401,0.401367,0.448541,0.598633,0.291016,0.824219,0.878906
402,0.473633,0.451050,0.526367,0.279297,1.132812,0.718750
403,0.494141,0.455359,0.505859,0.332031,1.093750,0.921875
404,0.478027,0.457626,0.521973,0.285156,1.171875,0.812500
405,0.456055,0.457469,0.543945,0.292969,1.070312,0.828125
406,0.479980,0.459720,0.520020,0.302734,1.093750,0.851562
407,0.465332,0.460281,0.534668,0.300781,1.117188,0.789062
408,0.405762,0.454829,0.594238,0.285156,0.917969,0.800781
409,0.443848,0.453731,0.556152,0.300781,0.957031,0.957031
410,0.589844,0.467342,0.410156,0.455078,1.000000,1.585938
411,0.396484,0.460256,0.603516,0.285156,0.832031,0.710938
412,0.406738,0.454905,0.593262,0.294922,0.882812,0.777344
413,0.415039,0.450918,0.584961,0.277344,0.906250,0.804688
414,0.440430,0.449869,0.559570,0.294922,0.976562,0.761719
415,0.381836,0.443066,0.618164,0.277344,0.914062,0.734375
416,0.416016,0.440361,0.583984,0.306641,0.980469,0.859375
417,0.435059,0.439831,0.564941,0.300781,1.000000,0.953125
418,0.448730,0.440721,0.551270,0.306641,1.000000,0.941406
419,0.438965,0.440545,0.561035,0.291016,1.000000,0.914062
420,0.420410,0.438532,0.579590,0.285156,1.023438,0.757812
421,0.473633,0.442042,0.526367,0.332031,0.968750,1.039062
422,0.446777,0.442515,0.553223,0.271484,1.000000,0.875000
423,0.434082,0.441672,0.565918,0.298828,1.054688,0.921875
424,0.432129,0.440718,0.567871,0.275391,1.078125,0.828125
425,0.382812,0.434927,0.617188,0.271484,0.929688,0.792969
426,0.464355,0.437870,0.535645,0.298828,1.187500,0.773438
427,0.447266,0.438810,0.552734,0.292969,1.109375,0.851562
428,0.459473,0.440876,0.540527,0.332031,0.937500,0.972656
429,0.475586,0.444347,0.524414,0.312500,1.054688,0.953125
430,0.445312,0.444443,0.554688,0.291016,1.101562,0.855469
431,0.436035,0.443603,0.563965,0.273438,1.140625,0.738281
432,0.435059,0.442748,0.564941,0.300781,0.964844,0.863281
433,0.413574,0.439831,0.586426,0.306641,0.886719,0.902344
434,0.472656,0.443113,0.527344,0.287109,1.250000,0.824219
435,0.418457,0.440648,0.581543,0.277344,0.937500,0.750000
436,0.443848,0.440968,0.556152,0.271484,1.132812,0.734375
437,0.434570,0.440328,0.565430,0.298828,1.039062,0.894531
438,0.411133,0.437408,0.588867,0.279297,1.000000,0.765625
439,0.440430,0.437711,0.559570,0.300781,1.007812,1.015625
440,0.464355,0.440375,0.535645,0.326172,0.972656,0.925781
441,0.432129,0.439550,0.567871,0.275391,1.078125,0.773438
442,0.406738,0.436269,0.593262,0.279297,0.968750,0.734375
443,0.415527,0.434195,0.584473,0.263672,0.988281,0.761719
444,0.370605,0.427836,0.629395,0.255859,0.878906,0.660156
445,0.447266,0.429779,0.552734,0.314453,1.000000,0.878906
446,0.439453,0.430746,0.560547,0.277344,1.070312,0.738281
447,0.486328,0.436305,0.513672,0.318359,1.000000,0.996094
448,0.455078,0.438182,0.544922,0.294922,1.125000,0.863281
449,0.447266,0.439090,0.552734,0.300781,1.039062,0.945312
450,0.377441,0.432925,0.622559,0.257812,1.000000,0.718750
451,0.451660,0.434799,0.548340,0.275391,1.039062,0.824219
452,0.452148,0.436534,0.547852,0.289062,1.062500,0.867188
453,0.445801,0.437461,0.554199,0.291016,0.933594,0.843750
454,0.415527,0.435267,0.584473,0.267578,1.000000,0.710938
455,0.443359,0.436076,0.556641,0.289062,1.054688,0.804688
456,0.401855,0.432654,0.598145,0.269531,0.980469,0.734375
457,0.413574,0.430746,0.586426,0.263672,1.078125,0.734375
458,0.474609,0.435133,0.525391,0.324219,0.968750,1.007812
459,0.422852,0.433905,0.577148,0.257812,1.007812,0.769531
460,0.447754,0.435289,0.552246,0.259766,1.132812,0.812500
461,0.382324,0.429993,0.617676,0.261719,0.972656,0.664062
462,0.432617,0.430255,0.567383,0.279297,1.140625,0.750000
463,0.424316,0.429661,0.575684,0.279297,1.070312,0.781250
464,0.421875,0.428883,0.578125,0.259766,1.093750,0.683594
465,0.399414,0.425936,0.600586,0.251953,1.046875,0.597656
466,0.406738,0.424016,0.593262,0.291016,0.898438,0.832031
467,0.435059,0.425120,0.564941,0.328125,0.843750,0.984375
468,0.444336,0.427042,0.555664,0.291016,1.054688,0.851562
469,0.436523,0.427990,0.563477,0.273438,1.164062,0.808594
470,0.455566,0.430748,0.544434,0.292969,1.140625,0.804688
471,0.431152,0.430788,0.568848,0.300781,1.031250,0.796875
472,0.372559,0.424965,0.627441,0.224609,1.046875,0.593750
473,0.407715,0.423240,0.592285,0.246094,1.179688,0.679688
474,0.448730,0.425789,0.551270,0.291016,1.164062,0.808594
475,0.431641,0.426374,0.568359,0.275391,1.093750,0.703125
476,0.445312,0.428268,0.554688,0.269531,1.101562,0.753906
477,0.373535,0.422795,0.626465,0.242188,0.945312,0.648438
478,0.437500,0.424265,0.562500,0.275391,1.054688,0.734375
479,0.402344,0.422073,0.597656,0.240234,1.085938,0.589844
480,0.416504,0.421516,0.583496,0.265625,1.148438,0.695312
481,0.417480,0.421113,0.582520,0.275391,1.140625,0.804688
482,0.424805,0.421482,0.575195,0.306641,0.945312,0.937500
483,0.466797,0.426013,0.533203,0.289062,1.234375,0.859375
484,0.406250,0.424037,0.593750,0.246094,1.125000,0.699219
485,0.421387,0.423772,0.578613,0.296875,0.871094,0.925781
486,0.394043,0.420799,0.605957,0.257812,1.000000,0.718750
487,0.458008,0.424520,0.541992,0.296875,1.093750,0.867188
488,0.376465,0.419714,0.623535,0.240234,0.949219,0.675781
489,0.440430,0.421786,0.559570,0.275391,1.148438,0.773438
490,0.410156,0.420623,0.589844,0.257812,1.070312,0.804688
491,0.379883,0.416549,0.620117,0.246094,0.914062,0.722656
492,0.403320,0.415226,0.596680,0.273438,0.890625,0.839844
493,0.417969,0.415500,0.582031,0.247070,1.140625,0.671875
494,0.419434,0.415894,0.580566,0.265625,0.968750,0.761719
495,0.393066,0.413611,0.606934,0.253906,1.023438,0.707031
496,0.466797,0.418930,0.533203,0.300781,1.148438,0.953125
497,0.471680,0.424205,0.528320,0.300781,1.187500,0.875000
498,0.454590,0.427243,0.545410,0.279297,1.093750,0.800781
499,0.455566,0.430075,0.544434,0.296875,1.070312,0.839844
500,0.429688,0.430037,0.570312,0.292969,0.960938,0.832031
501,0.406250,0.427658,0.593750,0.267578,1.000000,0.722656
502,0.417969,0.426689,0.582031,0.285156,0.964844,0.816406
503,0.471191,0.431139,0.528809,0.310547,1.023438,0.890625
504,0.435547,0.431580,0.564453,0.310547,0.871094,0.968750
505,0.417969,0.430219,0.582031,0.291016,1.000000,0.722656
506,0.388672,0.426064,0.611328,0.253906,1.000000,0.679688
507,0.390137,0.422471,0.609863,0.248047,1.070312,0.609375
508,0.401367,0.420361,0.598633,0.240234,1.179688,0.609375
509,0.378418,0.416167,0.621582,0.218750,1.171875,0.562500
510,0.388672,0.413417,0.611328,0.233398,1.109375,0.609375
511,0.369629,0.409038,0.630371,0.235352,0.960938,0.628906
512,0.407715,0.408906,0.592285,0.277344,0.917969,0.769531
513,0.405273,0.408543,0.594727,0.269531,0.960938,0.750000
514,0.408203,0.408509,0.591797,0.245117,1.234375,0.582031
515,0.409668,0.408625,0.590332,0.250000,1.140625,0.644531
516,0.439453,0.411708,0.560547,0.263672,1.093750,0.691406
517,0.405762,0.411113,0.594238,0.251953,1.117188,0.660156
518,0.423828,0.412385,0.576172,0.273438,0.984375,0.628906
519,0.465820,0.417728,0.534180,0.345703,0.964844,1.148438
520,0.432617,0.419217,0.567383,0.314453,0.917969,0.886719
521,0.376465,0.414942,0.623535,0.269531,0.910156,0.683594
522,0.434570,0.416905,0.565430,0.285156,1.125000,0.804688
523,0.416992,0.416913,0.583008,0.253906,1.093750,0.683594
524,0.392578,0.414480,0.607422,0.269531,0.921875,0.683594
525,0.401855,0.413217,0.598145,0.275391,1.000000,0.679688
526,0.392090,0.411105,0.607910,0.273438,0.875000,0.714844
527,0.450684,0.415063,0.549316,0.294922,1.000000,0.937500
528,0.382812,0.411838,0.617188,0.232422,1.132812,0.546875
529,0.429199,0.413574,0.570801,0.298828,1.000000,0.835938
530,0.442871,0.416503,0.557129,0.265625,1.179688,0.710938
531,0.395508,0.414404,0.604492,0.238281,1.000000,0.664062
532,0.380371,0.411001,0.619629,0.234375,1.015625,0.679688
533,0.372070,0.407108,0.627930,0.273438,0.867188,0.695312
534,0.416992,0.408096,0.583008,0.273438,1.031250,0.800781
535,0.398438,0.407130,0.601562,0.234375,1.179688,0.703125
536,0.385254,0.404943,0.614746,0.251953,1.000000,0.726562
537,0.372070,0.401655,0.627930,0.269531,0.875000,0.718750
538,0.401855,0.401675,0.598145,0.231445,1.164062,0.593750
539,0.396973,0.401205,0.603027,0.243164,1.164062,0.601562
540,0.408691,0.401954,0.591309,0.243164,1.148438,0.632812
541,0.374023,0.399161,0.625977,0.251953,1.000000,0.691406
542,0.411133,0.400358,0.588867,0.257812,1.039062,0.769531
543,0.405762,0.400898,0.594238,0.253906,1.085938,0.609375
544,0.405762,0.401385,0.594238,0.265625,0.976562,0.640625
545,0.484375,0.409684,0.515625,0.345703,0.960938,1.023438
546,0.449219,0.413637,0.550781,0.275391,1.109375,0.667969
547,0.395508,0.411824,0.604492,0.271484,0.882812,0.710938
548,0.390137,0.409655,0.609863,0.267578,1.000000,0.687500
549,0.348145,0.403504,0.651855,0.201172,1.046875,0.515625
550,0.443359,0.407490,0.556641,0.269531,1.062500,0.742188
551,0.431152,0.409856,0.568848,0.285156,0.953125,0.824219
552,0.382324,0.407103,0.617676,0.235352,1.000000,0.558594
553,0.395508,0.405943,0.604492,0.267578,0.898438,0.710938
554,0.477051,0.413054,0.522949,0.306641,1.140625,0.882812
555,0.427246,0.414473,0.572754,0.275391,1.000000,0.742188
556,0.377441,0.410770,0.622559,0.273438,0.855469,0.781250
557,0.421387,0.411832,0.578613,0.261719,1.054688,0.652344
558,0.412598,0.411908,0.587402,0.267578,1.000000,0.761719
559,0.420410,0.412759,0.579590,0.289062,0.968750,0.851562
560,0.420410,0.413524,0.579590,0.291016,1.101562,0.796875
561,0.416504,0.413822,0.583496,0.289062,1.101562,0.804688
562,0.407715,0.413211,0.592285,0.279297,1.046875,0.816406
563,0.428711,0.414761,0.571289,0.287109,1.046875,0.835938
564,0.411621,0.414447,0.588379,0.244141,1.078125,0.714844
565,0.362793,0.409282,0.637207,0.228516,1.000000,0.566406
566,0.398926,0.408246,0.601074,0.259766,1.046875,0.769531
567,0.395996,0.407021,0.604004,0.257812,1.007812,0.710938
568,0.395020,0.405821,0.604980,0.231445,1.070312,0.625000
569,0.420410,0.407280,0.579590,0.259766,1.039062,0.683594
570,0.397949,0.406347,0.602051,0.246094,1.140625,0.687500
571,0.389648,0.404677,0.610352,0.267578,0.937500,0.757812
572,0.369141,0.401123,0.630859,0.261719,0.960938,0.781250
573,0.428223,0.403833,0.571777,0.289062,0.988281,0.929688
574,0.452637,0.408714,0.547363,0.328125,0.941406,1.007812
575,0.477539,0.415596,0.522461,0.332031,1.140625,1.078125
576,0.438965,0.417933,0.561035,0.289062,1.078125,0.769531
577,0.393555,0.415495,0.606445,0.283203,0.949219,0.785156
578,0.413574,0.415303,0.586426,0.257812,1.031250,0.765625
579,0.374512,0.411224,0.625488,0.209961,1.101562,0.550781
580,0.427734,0.412875,0.572266,0.255859,1.140625,0.636719
581,0.380859,0.409673,0.619141,0.244141,1.062500,0.546875
582,0.393555,0.408062,0.606445,0.251953,1.039062,0.613281
583,0.417480,0.409003,0.582520,0.275391,1.000000,0.660156
584,0.394043,0.407507,0.605957,0.273438,0.882812,0.824219
585,0.446289,0.411386,0.553711,0.271484,1.125000,0.707031
586,0.448730,0.415120,0.551270,0.269531,1.164062,0.738281
587,0.401367,0.413745,0.598633,0.292969,0.910156,0.824219
588,0.388184,0.411189,0.611816,0.277344,0.992188,0.812500
589,0.395996,0.409669,0.604004,0.257812,1.000000,0.726562
590,0.386230,0.407326,0.613770,0.242188,1.000000,0.734375
591,0.361816,0.402775,0.638184,0.238281,0.976562,0.566406
592,0.359863,0.398483,0.640137,0.236328,0.914062,0.589844
593,0.362793,0.394914,0.637207,0.238281,0.953125,0.675781
594,0.576660,0.413089,0.423340,0.466797,0.812500,1.890625
595,0.409668,0.412747,0.590332,0.269531,1.023438,0.742188
596,0.322754,0.403748,0.677246,0.212891,1.039062,0.562500
597,0.459473,0.409320,0.540527,0.292969,1.085938,0.726562
598,0.447754,0.413163,0.552246,0.263672,1.140625,0.660156
599,0.432617,0.415109,0.567383,0.267578,1.085938,0.742188
600,0.358887,0.409487,0.641113,0.246094,0.898438,0.644531
601,0.354980,0.404036,0.645020,0.243164,0.937500,0.609375
602,0.400879,0.403720,0.599121,0.253906,1.000000,0.687500
603,0.376953,0.401044,0.623047,0.227539,1.070312,0.531250
604,0.358398,0.396779,0.641602,0.237305,1.000000,0.578125
605,0.389648,0.396066,0.610352,0.237305,1.023438,0.578125
606,0.376465,0.394106,0.623535,0.263672,0.917969,0.707031
607,0.412598,0.395955,0.587402,0.263672,1.093750,0.714844
608,0.366699,0.393029,0.633301,0.244141,0.953125,0.628906
609,0.375488,0.391275,0.624512,0.281250,0.914062,0.855469
610,0.359375,0.388085,0.640625,0.226562,1.070312,0.546875
611,0.336914,0.382968,0.663086,0.230469,0.921875,0.589844
612,0.395508,0.384222,0.604492,0.259766,1.109375,0.742188
613,0.393066,0.385107,0.606934,0.251953,1.000000,0.656250
614,0.336426,0.380239,0.663574,0.211914,1.007812,0.527344
615,0.392578,0.381472,0.607422,0.257812,1.000000,0.652344
616,0.372070,0.380532,0.627930,0.232422,0.964844,0.656250
617,0.369141,0.379393,0.630859,0.221680,1.000000,0.519531
618,0.421875,0.383641,0.578125,0.355469,0.750000,1.187500
619,0.467773,0.392054,0.532227,0.363281,0.835938,1.140625
620,0.401855,0.393035,0.598145,0.263672,1.000000,0.695312
621,0.391113,0.392842,0.608887,0.248047,1.070312,0.656250
622,0.385254,0.392084,0.614746,0.263672,0.957031,0.785156
623,0.429688,0.395844,0.570312,0.291016,1.039062,0.785156
624,0.442383,0.400498,0.557617,0.291016,1.046875,0.781250
625,0.346680,0.395116,0.653320,0.234375,0.972656,0.574219
626,0.414551,0.397060,0.585449,0.267578,1.000000,0.683594
627,0.410645,0.398418,0.589355,0.261719,1.054688,0.679688
628,0.440430,0.402619,0.559570,0.277344,1.117188,0.703125
629,0.416016,0.403959,0.583984,0.279297,1.000000,0.746094
630,0.382812,0.401844,0.617188,0.277344,0.933594,0.789062
631,0.385742,0.400234,0.614258,0.217773,1.109375,0.558594
632,0.402832,0.400494,0.597168,0.240234,1.101562,0.593750
633,0.395020,0.399946,0.604980,0.221680,1.148438,0.582031
634,0.365234,0.396475,0.634766,0.250000,0.898438,0.597656
635,0.405762,0.397404,0.594238,0.253906,1.085938,0.628906
636,0.400879,0.397751,0.599121,0.241211,1.109375,0.621094
637,0.400879,0.398064,0.599121,0.261719,0.972656,0.617188
638,0.419922,0.400250,0.580078,0.250000,1.187500,0.613281
639,0.391602,0.399385,0.608398,0.232422,1.148438,0.578125
640,0.398926,0.399339,0.601074,0.224609,1.109375,0.558594
641,0.382812,0.397686,0.617188,0.209961,1.140625,0.527344
642,0.382812,0.396199,0.617188,0.281250,0.933594,0.789062
643,0.409180,0.397497,0.590820,0.287109,1.000000,0.843750
644,0.354492,0.393197,0.645508,0.240234,0.941406,0.621094
645,0.392090,0.393086,0.607910,0.236328,1.000000,0.656250
646,0.384766,0.392254,0.615234,0.234375,1.101562,0.605469
647,0.379395,0.390968,0.620605,0.250000,0.984375,0.707031
648,0.397461,0.391617,0.602539,0.235352,1.085938,0.628906
649,0.428711,0.395327,0.571289,0.287109,1.070312,0.820312
650,0.408691,0.396663,0.591309,0.259766,1.062500,0.703125
651,0.359375,0.392934,0.640625,0.212891,1.062500,0.531250
652,0.385254,0.392166,0.614746,0.241211,1.000000,0.597656
653,0.395996,0.392549,0.604004,0.281250,0.867188,0.789062
654,0.322754,0.385570,0.677246,0.206055,0.929688,0.523438
655,0.463867,0.393399,0.536133,0.324219,0.929688,1.132812
656,0.382812,0.392341,0.617188,0.271484,0.921875,0.781250
657,0.401367,0.393243,0.598633,0.239258,1.171875,0.632812
658,0.379883,0.391907,0.620117,0.251953,1.000000,0.628906
659,0.355957,0.388312,0.644043,0.255859,0.875000,0.671875
660,0.368164,0.386297,0.631836,0.263672,0.890625,0.687500
661,0.423340,0.390002,0.576660,0.257812,1.132812,0.726562
662,0.387207,0.389722,0.612793,0.273438,0.859375,0.667969
663,0.430664,0.393816,0.569336,0.277344,1.085938,0.832031
664,0.399902,0.394425,0.600098,0.253906,1.054688,0.703125
665,0.369141,0.391897,0.630859,0.212891,1.093750,0.531250
666,0.408691,0.393576,0.591309,0.259766,1.023438,0.722656
667,0.366211,0.390840,0.633789,0.248047,0.914062,0.656250
668,0.427246,0.394480,0.572754,0.269531,1.031250,0.726562
669,0.410156,0.396048,0.589844,0.240234,1.125000,0.601562
670,0.400391,0.396482,0.599609,0.238281,1.117188,0.617188
671,0.367676,0.393601,0.632324,0.216797,1.140625,0.570312
672,0.420410,0.396282,0.579590,0.241211,1.109375,0.640625
673,0.428223,0.399476,0.571777,0.263672,1.039062,0.769531
674,0.331543,0.392683,0.668457,0.228516,0.953125,0.636719
675,0.401367,0.393551,0.598633,0.248047,1.000000,0.593750
676,0.408691,0.395065,0.591309,0.265625,1.023438,0.617188
677,0.396973,0.395256,0.603027,0.241211,1.031250,0.632812
678,0.386230,0.394354,0.613770,0.244141,1.000000,0.648438
679,0.393555,0.394274,0.606445,0.250000,1.054688,0.632812
680,0.413086,0.396155,0.586914,0.255859,1.117188,0.632812
681,0.440430,0.400582,0.559570,0.255859,1.125000,0.703125
682,0.454590,0.405983,0.545410,0.267578,1.171875,0.777344
683,0.421875,0.407572,0.578125,0.259766,1.078125,0.640625
684,0.422852,0.409100,0.577148,0.257812,1.132812,0.699219
685,0.448242,0.413014,0.551758,0.273438,1.156250,0.699219
686,0.413574,0.413070,0.586426,0.240234,1.164062,0.652344
687,0.436523,0.415416,0.563477,0.253906,1.132812,0.632812
688,0.428711,0.416745,0.571289,0.257812,1.179688,0.664062
689,0.395996,0.414670,0.604004,0.235352,1.156250,0.554688
690,0.411621,0.414365,0.588379,0.247070,1.148438,0.628906
691,0.376953,0.410624,0.623047,0.239258,0.992188,0.582031
692,0.358398,0.405402,0.641602,0.228516,1.023438,0.609375
693,0.398926,0.404754,0.601074,0.259766,1.000000,0.695312
694,0.390137,0.403292,0.609863,0.251953,0.957031,0.632812
695,0.353516,0.398315,0.646484,0.238281,0.933594,0.609375
696,0.378418,0.396325,0.621582,0.247070,1.000000,0.660156
697,0.355469,0.392239,0.644531,0.227539,1.023438,0.628906
698,0.386230,0.391638,0.613770,0.233398,1.054688,0.628906
699,0.390625,0.391537,0.609375,0.251953,1.039062,0.714844
700,0.404785,0.392862,0.595215,0.246094,1.132812,0.664062
701,0.390625,0.392638,0.609375,0.259766,1.000000,0.671875
702,0.413086,0.394683,0.586914,0.259766,1.101562,0.765625
703,0.412109,0.396426,0.587891,0.283203,0.929688,0.832031
704,0.372559,0.394039,0.627441,0.213867,1.117188,0.578125
705,0.385742,0.393209,0.614258,0.243164,0.980469,0.671875
706,0.389160,0.392804,0.610840,0.234375,1.109375,0.593750
707,0.385254,0.392049,0.614746,0.223633,1.109375,0.589844
708,0.380371,0.390881,0.619629,0.229492,1.085938,0.601562
709,0.408203,0.392614,0.591797,0.245117,1.070312,0.605469
710,0.373535,0.390706,0.626465,0.251953,0.988281,0.671875
711,0.414551,0.393090,0.585449,0.248047,1.078125,0.660156
712,0.405762,0.394357,0.594238,0.240234,1.117188,0.687500
713,0.376953,0.392617,0.623047,0.241211,1.046875,0.656250
714,0.355469,0.388902,0.644531,0.224609,0.949219,0.550781
715,0.417480,0.391760,0.582520,0.269531,1.078125,0.699219
716,0.386230,0.391207,0.613770,0.251953,0.929688,0.707031
717,0.375488,0.389635,0.624512,0.255859,0.910156,0.718750
718,0.415039,0.392176,0.584961,0.259766,1.117188,0.644531
719,0.417480,0.394706,0.582520,0.251953,1.140625,0.660156
720,0.383789,0.393614,0.616211,0.273438,0.953125,0.816406
721,0.382324,0.392485,0.617676,0.279297,0.906250,0.765625
722,0.368652,0.390102,0.631348,0.224609,1.085938,0.570312
723,0.368164,0.387908,0.631836,0.253906,0.980469,0.679688
724,0.410156,0.390133,0.589844,0.289062,0.988281,0.796875
725,0.348145,0.385934,0.651855,0.235352,0.933594,0.597656
726,0.411133,0.388454,0.588867,0.273438,1.085938,0.710938
727,0.399902,0.389599,0.600098,0.255859,1.078125,0.718750
728,0.407227,0.391362,0.592773,0.257812,1.000000,0.726562
729,0.380859,0.390311,0.619141,0.234375,1.054688,0.609375
730,0.345703,0.385851,0.654297,0.233398,0.906250,0.597656
731,0.355469,0.382812,0.644531,0.219727,1.000000,0.582031
732,0.389160,0.383447,0.610840,0.251953,1.039062,0.691406
733,0.361328,0.381235,0.638672,0.215820,1.000000,0.613281
734,0.384766,0.381588,0.615234,0.259766,0.914062,0.652344
735,0.378906,0.381320,0.621094,0.241211,0.964844,0.621094
736,0.367676,0.379956,0.632324,0.215820,1.046875,0.496094
737,0.354492,0.377409,0.645508,0.208984,1.062500,0.435547
738,0.393555,0.379024,0.606445,0.269531,0.972656,0.730469
739,0.387207,0.379842,0.612793,0.242188,1.054688,0.605469
740,0.404297,0.382288,0.595703,0.253906,1.000000,0.667969
741,0.410645,0.385123,0.589355,0.271484,1.000000,0.726562
742,0.382812,0.384892,0.617188,0.253906,0.996094,0.679688
743,0.353027,0.381706,0.646973,0.226562,0.984375,0.617188
744,0.392578,0.382793,0.607422,0.247070,1.054688,0.765625
745,0.390137,0.383527,0.609863,0.242188,1.093750,0.753906
746,0.370605,0.382235,0.629395,0.225586,1.093750,0.550781
747,0.392090,0.383221,0.607910,0.245117,1.000000,0.664062
748,0.371582,0.382057,0.628418,0.232422,1.023438,0.574219
749,0.385742,0.382425,0.614258,0.247070,1.039062,0.589844
750,0.390625,0.383245,0.609375,0.243164,1.070312,0.648438
751,0.381836,0.383104,0.618164,0.238281,1.070312,0.671875
752,0.378418,0.382636,0.621582,0.233398,1.007812,0.574219
753,0.331543,0.377526,0.668457,0.207031,0.964844,0.515625
754,0.398926,0.379666,0.601074,0.269531,0.972656,0.785156
755,0.443359,0.386036,0.556641,0.281250,1.093750,0.863281
756,0.423340,0.389766,0.576660,0.257812,1.179688,0.609375
757,0.431152,0.393905,0.568848,0.267578,1.234375,0.617188
758,0.374023,0.391917,0.625977,0.244141,1.000000,0.542969
759,0.390137,0.391739,0.609863,0.226562,1.164062,0.500000
760,0.387207,0.391285,0.612793,0.243164,1.085938,0.574219
761,0.387695,0.390926,0.612305,0.242188,1.117188,0.597656
762,0.406738,0.392508,0.593262,0.247070,1.125000,0.632812
763,0.406738,0.393931,0.593262,0.253906,1.078125,0.679688
764,0.368164,0.391354,0.631836,0.209961,1.085938,0.554688
765,0.358887,0.388107,0.641113,0.219727,1.015625,0.511719
766,0.395996,0.388896,0.604004,0.306641,0.777344,0.886719
767,0.379395,0.387946,0.620605,0.239258,1.000000,0.664062
768,0.422852,0.391437,0.577148,0.253906,1.132812,0.710938
769,0.385254,0.390818,0.614746,0.247070,1.000000,0.597656
770,0.402832,0.392020,0.597168,0.228516,1.140625,0.542969
771,0.399414,0.392759,0.600586,0.238281,1.015625,0.632812
772,0.384277,0.391911,0.615723,0.247070,1.046875,0.613281
773,0.364746,0.389194,0.635254,0.219727,1.031250,0.550781
774,0.398926,0.390168,0.601074,0.240234,1.125000,0.621094
775,0.376953,0.388846,0.623047,0.221680,1.101562,0.601562
776,0.354492,0.385411,0.645508,0.208008,1.070312,0.527344
777,0.363770,0.383247,0.636230,0.220703,1.078125,0.542969
778,0.324219,0.377344,0.675781,0.227539,0.871094,0.625000
779,0.347656,0.374375,0.652344,0.216797,1.000000,0.554688
780,0.342773,0.371215,0.657227,0.194336,1.109375,0.472656
781,0.388672,0.372961,0.611328,0.279297,0.925781,0.812500
782,0.388184,0.374483,0.611816,0.227539,1.148438,0.585938
783,0.362305,0.373265,0.637695,0.224609,1.046875,0.550781
784,0.386230,0.374562,0.613770,0.263672,0.960938,0.718750
785,0.373047,0.374410,0.626953,0.240234,1.054688,0.621094
786,0.391113,0.376080,0.608887,0.271484,1.000000,0.710938
787,0.370117,0.375484,0.629883,0.247070,1.000000,0.644531
788,0.395996,0.377535,0.604004,0.265625,0.937500,0.671875
789,0.345703,0.374352,0.654297,0.218750,1.000000,0.503906
790,0.323242,0.369241,0.676758,0.213867,0.871094,0.539062
791,0.381836,0.370501,0.618164,0.257812,1.000000,0.738281
792,0.391602,0.372611,0.608398,0.251953,1.101562,0.734375
793,0.370117,0.372361,0.629883,0.251953,0.941406,0.757812
794,0.352539,0.370379,0.647461,0.219727,1.046875,0.535156
795,0.367676,0.370109,0.632324,0.223633,1.109375,0.542969
796,0.433105,0.376408,0.566895,0.292969,1.000000,0.941406
797,0.373535,0.376121,0.626465,0.213867,1.226562,0.535156
798,0.402344,0.378743,0.597656,0.239258,1.218750,0.574219
799,0.312500,0.372119,0.687500,0.232422,0.820312,0.664062
800,0.384766,0.373384,0.615234,0.259766,0.988281,0.734375
801,0.410645,0.377110,0.589355,0.253906,1.062500,0.664062
802,0.407715,0.380170,0.592285,0.246094,1.023438,0.628906
803,0.359863,0.378140,0.640137,0.231445,0.906250,0.597656
804,0.420898,0.382415,0.579102,0.263672,1.070312,0.710938
805,0.361816,0.380356,0.638184,0.226562,1.000000,0.535156
806,0.319336,0.374254,0.680664,0.221680,0.828125,0.562500
807,0.416016,0.378430,0.583984,0.257812,1.078125,0.796875
808,0.374512,0.378038,0.625488,0.271484,0.816406,0.765625
809,0.455078,0.385742,0.544922,0.296875,0.964844,0.890625
810,0.466309,0.393799,0.533691,0.291016,1.093750,0.812500
811,0.436523,0.398071,0.563477,0.283203,1.000000,0.789062
812,0.368652,0.395129,0.631348,0.229492,0.917969,0.628906
813,0.400879,0.395704,0.599121,0.289062,0.847656,0.832031
814,0.418457,0.397980,0.581543,0.251953,1.078125,0.667969
815,0.381836,0.396365,0.618164,0.248047,1.000000,0.726562
816,0.450195,0.401748,0.549805,0.333984,0.929688,1.164062
817,0.368652,0.398439,0.631348,0.267578,0.980469,0.796875
818,0.371582,0.395753,0.628418,0.247070,0.964844,0.753906
819,0.415527,0.397730,0.584473,0.259766,1.125000,0.730469
820,0.382324,0.396190,0.617676,0.236328,1.054688,0.710938
821,0.348633,0.391434,0.651367,0.242188,0.867188,0.613281
822,0.396484,0.391939,0.603516,0.253906,1.062500,0.679688
823,0.421875,0.394933,0.578125,0.273438,1.000000,0.687500
824,0.384766,0.393916,0.615234,0.227539,1.070312,0.582031
825,0.383301,0.392854,0.616699,0.225586,1.101562,0.558594
826,0.347168,0.388286,0.652832,0.228516,0.871094,0.601562
827,0.302734,0.379731,0.697266,0.215820,0.835938,0.527344
828,0.484863,0.390244,0.515137,0.343750,1.015625,1.125000
829,0.374023,0.388622,0.625977,0.246094,1.000000,0.675781
830,0.355469,0.385307,0.644531,0.237305,0.925781,0.562500
831,0.385742,0.385350,0.614258,0.223633,1.054688,0.500000
832,0.352539,0.382069,0.647461,0.210938,1.000000,0.542969
833,0.373047,0.381167,0.626953,0.206055,1.078125,0.500000
834,0.355469,0.378597,0.644531,0.204102,1.125000,0.462891
835,0.368164,0.377554,0.631836,0.201172,1.140625,0.474609
836,0.380371,0.377835,0.619629,0.217773,1.093750,0.523438
837,0.362793,0.376331,0.637207,0.202148,1.070312,0.507812
838,0.372070,0.375905,0.627930,0.211914,1.078125,0.507812
839,0.371094,0.375424,0.628906,0.207031,1.101562,0.507812
840,0.367676,0.374649,0.632324,0.249023,0.882812,0.652344
841,0.311035,0.368288,0.688965,0.221680,0.800781,0.500000
842,0.408691,0.372328,0.591309,0.269531,0.949219,0.687500
843,0.350586,0.370154,0.649414,0.250000,0.851562,0.597656
844,0.451660,0.378305,0.548340,0.343750,0.925781,1.054688
845,0.407227,0.381197,0.592773,0.243164,1.085938,0.617188
846,0.351074,0.378184,0.648926,0.216797,1.015625,0.562500
847,0.351074,0.375473,0.648926,0.215820,1.085938,0.554688
848,0.365723,0.374498,0.634277,0.211914,1.015625,0.542969
849,0.375000,0.374549,0.625000,0.250000,1.039062,0.664062
850,0.386719,0.375766,0.613281,0.273438,1.000000,0.796875
851,0.402344,0.378423,0.597656,0.253906,1.046875,0.664062
852,0.382812,0.378862,0.617188,0.237305,1.062500,0.644531
853,0.375488,0.378525,0.624512,0.224609,1.085938,0.582031
854,0.343262,0.374999,0.656738,0.236328,0.941406,0.585938
855,0.373535,0.374852,0.626465,0.217773,1.000000,0.562500
856,0.417969,0.379164,0.582031,0.244141,1.070312,0.562500
857,0.374023,0.378650,0.625977,0.219727,1.015625,0.511719
858,0.395996,0.380384,0.604004,0.229492,1.101562,0.535156
859,0.411133,0.383459,0.588867,0.247070,1.023438,0.640625
860,0.375488,0.382662,0.624512,0.233398,1.000000,0.585938
861,0.359375,0.380333,0.640625,0.232422,1.000000,0.578125
862,0.400391,0.382339,0.599609,0.249023,1.000000,0.667969
863,0.387695,0.382875,0.612305,0.242188,1.125000,0.585938
864,0.343750,0.378962,0.656250,0.206055,1.000000,0.527344
865,0.341309,0.375197,0.658691,0.210938,1.046875,0.496094
866,0.349121,0.372589,0.650879,0.220703,1.039062,0.539062
867,0.410156,0.376346,0.589844,0.287109,1.000000,0.898438
868,0.398438,0.378555,0.601562,0.267578,1.000000,0.789062
869,0.452148,0.385915,0.547852,0.353516,0.914062,1.062500
870,0.513184,0.398641,0.486816,0.445312,0.785156,1.414062
871,0.511719,0.409949,0.488281,0.408203,0.933594,1.187500
872,0.383301,0.407284,0.616699,0.261719,1.015625,0.726562
873,0.367188,0.403275,0.632812,0.245117,1.000000,0.742188
874,0.344727,0.397420,0.655273,0.219727,1.023438,0.566406
875,0.331543,0.390832,0.668457,0.207031,1.000000,0.601562
876,0.386719,0.390421,0.613281,0.255859,1.085938,0.691406
877,0.351562,0.386535,0.648438,0.228516,0.988281,0.550781
878,0.336426,0.381524,0.663574,0.192383,1.140625,0.468750
879,0.343262,0.377698,0.656738,0.195312,1.093750,0.457031
880,0.348145,0.374742,0.651855,0.192383,1.117188,0.470703
881,0.354004,0.372669,0.645996,0.193359,1.023438,0.470703
882,0.396973,0.375099,0.603027,0.246094,1.070312,0.613281
